time_utc,temperature_2m,rain,showers,snowfall,cloud_cover,cloud_cover_low,cloud_cover_mid,cloud_cover_high,visibility,is_day,sunshine_duration,date_utc,daylight_duration_s,uv_index_max,total_liquid_precip_mm,precip_water_equiv_mm,sunshine_fraction_hour
2026-04-02T00:00:00+0000,1.347,0.0,0.0,0.0,0.0,0.0,0.0,0.0,33300.0,0.0,0.0,2026-04-02T00:00:00+0000,46577.113,4.9,0.0,0.0,0.0
2026-04-02T01:00:00+0000,1.147,0.0,0.0,0.0,0.0,0.0,0.0,0.0,33040.0,0.0,0.0,2026-04-02T00:00:00+0000,46577.113,4.9,0.0,0.0,0.0
2026-04-02T02:00:00+0000,0.997,0.0,0.0,0.0,15.0,0.0,0.0,15.0,33700.0,0.0,0.0,2026-04-02T00:00:00+0000,46577.113,4.9,0.0,0.0,0.0
2026-04-02T03:00:00+0000,0.347,0.0,0.0,0.0,56.0,0.0,56.0,0.0,30820.0,0.0,0.0,2026-04-02T00:00:00+0000,46577.113,4.9,0.0,0.0,0.0
2026-04-02T04:00:00+0000,0.14700001,0.0,0.0,0.0,0.0,0.0,0.0,0.0,30400.0,0.0,0.0,2026-04-02T00:00:00+0000,46577.113,4.9,0.0,0.0,0.0
2026-04-02T05:00:00+0000,0.14700001,0.0,0.0,0.0,0.0,0.0,0.0,0.0,31500.0,1.0,0.0,2026-04-02T00:00:00+0000,46577.113,4.9,0.0,0.0,0.0
2026-04-02T06:00:00+0000,0.047000006,0.0,0.0,0.0,0.0,0.0,0.0,0.0,29860.0,1.0,3308.2207,2026-04-02T00:00:00+0000,46577.113,4.9,0.0,0.0,0.9189502
2026-04-02T07:00:00+0000,1.197,0.0,0.0,0.0,2.0,0.0,0.0,2.0,25300.0,1.0,3600.0,2026-04-02T00:00:00+0000,46577.113,4.9,0.0,0.0,1.0
2026-04-02T08:00:00+0000,4.047,0.0,0.0,0.0,79.0,0.0,0.0,79.0,36140.0,1.0,3600.0,2026-04-02T00:00:00+0000,46577.113,4.9,0.0,0.0,1.0
2026-04-02T09:00:00+0000,6.747,0.0,0.0,0.0,70.0,0.0,0.0,70.0,39640.0,1.0,3600.0,2026-04-02T00:00:00+0000,46577.113,4.9,0.0,0.0,1.0
2026-04-02T10:00:00+0000,8.097,0.0,0.0,0.0,10.0,6.0,0.0,4.0,40520.0,1.0,3600.0,2026-04-02T00:00:00+0000,46577.113,4.9,0.0,0.0,1.0
2026-04-02T11:00:00+0000,9.297,0.0,0.0,0.0,82.0,28.0,0.0,64.0,41200.0,1.0,3600.0,2026-04-02T00:00:00+0000,46577.113,4.9,0.0,0.0,1.0
2026-04-02T12:00:00+0000,9.847,0.0,0.0,0.0,10.0,9.0,0.0,1.0,41680.0,1.0,3600.0,2026-04-02T00:00:00+0000,46577.113,4.9,0.0,0.0,1.0
2026-04-02T13:00:00+0000,10.347,0.0,0.0,0.0,26.0,0.0,0.0,26.0,42140.0,1.0,3600.0,2026-04-02T00:00:00+0000,46577.113,4.9,0.0,0.0,1.0
2026-04-02T14:00:00+0000,10.547,0.0,0.0,0.0,12.0,12.0,0.0,0.0,41640.0,1.0,3600.0,2026-04-02T00:00:00+0000,46577.113,4.9,0.0,0.0,1.0
2026-04-02T15:00:00+0000,10.947,0.0,0.0,0.0,0.0,0.0,0.0,0.0,42440.0,1.0,3600.0,2026-04-02T00:00:00+0000,46577.113,4.9,0.0,0.0,1.0
2026-04-02T16:00:00+0000,10.497,0.0,0.0,0.0,0.0,0.0,0.0,0.0,43400.0,1.0,3600.0,2026-04-02T00:00:00+0000,46577.113,4.9,0.0,0.0,1.0
2026-04-02T17:00:00+0000,9.747,0.0,0.0,0.0,0.0,0.0,0.0,0.0,46060.0,1.0,3600.0,2026-04-02T00:00:00+0000,46577.113,4.9,0.0,0.0,1.0
2026-04-02T18:00:00+0000,7.847,0.0,0.0,0.0,0.0,0.0,0.0,0.0,42220.0,0.0,3047.5073,2026-04-02T00:00:00+0000,46577.113,4.9,0.0,0.0,0.84652984
2026-04-02T19:00:00+0000,6.7970004,0.0,0.0,0.0,0.0,0.0,0.0,0.0,41860.0,0.0,0.0,2026-04-02T00:00:00+0000,46577.113,4.9,0.0,0.0,0.0
2026-04-02T20:00:00+0000,6.097,0.0,0.0,0.0,16.0,16.0,0.0,0.0,41280.0,0.0,0.0,2026-04-02T00:00:00+0000,46577.113,4.9,0.0,0.0,0.0
2026-04-02T21:00:00+0000,5.597,0.0,0.0,0.0,24.0,24.0,0.0,0.0,40940.0,0.0,0.0,2026-04-02T00:00:00+0000,46577.113,4.9,0.0,0.0,0.0
2026-04-02T22:00:00+0000,5.247,0.0,0.0,0.0,46.0,46.0,0.0,0.0,40620.0,0.0,0.0,2026-04-02T00:00:00+0000,46577.113,4.9,0.0,0.0,0.0
2026-04-02T23:00:00+0000,4.847,0.0,0.0,0.0,0.0,0.0,0.0,0.0,40500.0,0.0,0.0,2026-04-02T00:00:00+0000,46577.113,4.9,0.0,0.0,0.0
2026-04-03T00:00:00+0000,3.397,0.0,0.0,0.0,74.0,74.0,0.0,0.0,38520.0,0.0,0.0,2026-04-03T00:00:00+0000,46792.133,4.45,0.0,0.0,0.0
2026-04-03T01:00:00+0000,3.747,0.0,0.0,0.0,100.0,100.0,100.0,0.0,39160.0,0.0,0.0,2026-04-03T00:00:00+0000,46792.133,4.45,0.0,0.0,0.0
2026-04-03T02:00:00+0000,2.947,0.0,0.0,0.0,75.0,42.0,62.0,0.0,35300.0,0.0,0.0,2026-04-03T00:00:00+0000,46792.133,4.45,0.0,0.0,0.0
2026-04-03T03:00:00+0000,2.547,0.0,0.0,0.0,36.0,28.0,23.0,0.0,37000.0,0.0,0.0,2026-04-03T00:00:00+0000,46792.133,4.45,0.0,0.0,0.0
2026-04-03T04:00:00+0000,2.247,0.0,0.0,0.0,50.0,39.0,33.0,0.0,36500.0,0.0,0.0,2026-04-03T00:00:00+0000,46792.133,4.45,0.0,0.0,0.0
2026-04-03T05:00:00+0000,2.247,0.0,0.0,0.0,58.0,52.0,9.0,0.0,37280.0,1.0,0.0,2026-04-03T00:00:00+0000,46792.133,4.45,0.0,0.0,0.0
2026-04-03T06:00:00+0000,1.747,0.0,0.0,0.0,72.0,72.0,0.0,0.0,35020.0,1.0,1952.4458,2026-04-03T00:00:00+0000,46792.133,4.45,0.0,0.0,0.54234606
2026-04-03T07:00:00+0000,3.297,0.0,0.0,0.0,100.0,46.0,99.0,100.0,33720.0,1.0,3600.0,2026-04-03T00:00:00+0000,46792.133,4.45,0.0,0.0,1.0
2026-04-03T08:00:00+0000,6.1470003,0.0,0.0,0.0,83.0,0.0,60.0,55.0,38480.0,1.0,3600.0,2026-04-03T00:00:00+0000,46792.133,4.45,0.0,0.0,1.0
2026-04-03T09:00:00+0000,9.197,0.0,0.0,0.0,83.0,0.0,42.0,69.0,37940.0,1.0,3600.0,2026-04-03T00:00:00+0000,46792.133,4.45,0.0,0.0,1.0
2026-04-03T10:00:00+0000,10.547,0.0,0.0,0.0,39.0,39.0,0.0,0.0,39040.0,1.0,3600.0,2026-04-03T00:00:00+0000,46792.133,4.45,0.0,0.0,1.0
2026-04-03T11:00:00+0000,11.747,0.0,0.0,0.0,100.0,86.0,100.0,0.0,41220.0,1.0,3600.0,2026-04-03T00:00:00+0000,46792.133,4.45,0.0,0.0,1.0
2026-04-03T12:00:00+0000,12.396999,0.0,0.0,0.0,85.0,52.0,65.0,0.0,41500.0,1.0,3600.0,2026-04-03T00:00:00+0000,46792.133,4.45,0.0,0.0,1.0
2026-04-03T13:00:00+0000,12.497,0.0,0.0,0.0,99.0,47.0,79.0,85.0,41320.0,1.0,3600.0,2026-04-03T00:00:00+0000,46792.133,4.45,0.0,0.0,1.0
2026-04-03T14:00:00+0000,12.597,0.0,0.0,0.0,77.0,54.0,36.0,24.0,41480.0,1.0,3600.0,2026-04-03T00:00:00+0000,46792.133,4.45,0.0,0.0,1.0
2026-04-03T15:00:00+0000,12.447,0.0,0.0,0.0,91.0,57.0,72.0,0.0,41880.0,1.0,3600.0,2026-04-03T00:00:00+0000,46792.133,4.45,0.0,0.0,1.0
2026-04-03T16:00:00+0000,12.097,0.0,0.0,0.0,80.0,0.0,80.0,0.0,41940.0,1.0,3600.0,2026-04-03T00:00:00+0000,46792.133,4.45,0.0,0.0,1.0
2026-04-03T17:00:00+0000,11.547,0.0,0.0,0.0,86.0,0.0,86.0,0.0,41920.0,1.0,1349.5269,2026-04-03T00:00:00+0000,46792.133,4.45,0.0,0.0,0.37486857
2026-04-03T18:00:00+0000,10.396999,0.0,0.0,0.0,69.0,0.0,69.0,0.0,41180.0,0.0,0.0,2026-04-03T00:00:00+0000,46792.133,4.45,0.0,0.0,0.0
2026-04-03T19:00:00+0000,9.347,0.0,0.0,0.0,98.0,0.0,86.0,82.0,40400.0,0.0,0.0,2026-04-03T00:00:00+0000,46792.133,4.45,0.0,0.0,0.0
2026-04-03T20:00:00+0000,8.597,0.0,0.0,0.0,100.0,52.0,95.0,100.0,40120.0,0.0,0.0,2026-04-03T00:00:00+0000,46792.133,4.45,0.0,0.0,0.0
2026-04-03T21:00:00+0000,9.347,0.0,0.0,0.0,91.0,50.0,78.0,0.0,40380.0,0.0,0.0,2026-04-03T00:00:00+0000,46792.133,4.45,0.0,0.0,0.0
2026-04-03T22:00:00+0000,8.847,0.0,0.0,0.0,100.0,63.0,100.0,86.0,39300.0,0.0,0.0,2026-04-03T00:00:00+0000,46792.133,4.45,0.0,0.0,0.0
2026-04-03T23:00:00+0000,8.547,0.0,0.0,0.0,100.0,77.0,100.0,64.0,39120.0,0.0,0.0,2026-04-03T00:00:00+0000,46792.133,4.45,0.0,0.0,0.0
2026-04-04T00:00:00+0000,8.896999,0.0,0.0,0.0,100.0,24.0,100.0,100.0,39300.0,0.0,0.0,2026-04-04T00:00:00+0000,47006.64,3.3,0.0,0.0,0.0
2026-04-04T01:00:00+0000,8.646999,0.0,0.0,0.0,100.0,65.0,100.0,100.0,37700.0,0.0,0.0,2026-04-04T00:00:00+0000,47006.64,3.3,0.0,0.0,0.0
2026-04-04T02:00:00+0000,8.847,0.0,0.0,0.0,100.0,83.0,100.0,100.0,34800.0,0.0,0.0,2026-04-04T00:00:00+0000,47006.64,3.3,0.0,0.0,0.0
2026-04-04T03:00:00+0000,9.197,0.0,0.0,0.0,100.0,100.0,100.0,100.0,34460.0,0.0,0.0,2026-04-04T00:00:00+0000,47006.64,3.3,0.0,0.0,0.0
2026-04-04T04:00:00+0000,8.547,0.0,0.0,0.0,100.0,68.0,100.0,100.0,34780.0,0.0,0.0,2026-04-04T00:00:00+0000,47006.64,3.3,0.0,0.0,0.0
2026-04-04T05:00:00+0000,8.147,0.0,0.0,0.0,100.0,100.0,100.0,100.0,28860.0,1.0,0.0,2026-04-04T00:00:00+0000,47006.64,3.3,0.0,0.0,0.0
2026-04-04T06:00:00+0000,8.147,0.0,0.0,0.0,100.0,97.0,100.0,83.0,25340.0,1.0,0.0,2026-04-04T00:00:00+0000,47006.64,3.3,0.0,0.0,0.0
2026-04-04T07:00:00+0000,8.646999,0.0,0.0,0.0,100.0,90.0,87.0,100.0,26780.0,1.0,0.0,2026-04-04T00:00:00+0000,47006.64,3.3,0.0,0.0,0.0
2026-04-04T08:00:00+0000,9.396999,0.0,0.0,0.0,100.0,100.0,69.0,100.0,27260.0,1.0,0.0,2026-04-04T00:00:00+0000,47006.64,3.3,0.0,0.0,0.0
2026-04-04T09:00:00+0000,10.947,0.0,0.0,0.0,100.0,100.0,7.0,100.0,32940.0,1.0,0.0,2026-04-04T00:00:00+0000,47006.64,3.3,0.0,0.0,0.0
2026-04-04T10:00:00+0000,11.146999,0.0,0.0,0.0,100.0,100.0,0.0,100.0,33140.0,1.0,0.0,2026-04-04T00:00:00+0000,47006.64,3.3,0.0,0.0,0.0
2026-04-04T11:00:00+0000,11.646999,0.0,0.0,0.0,100.0,100.0,0.0,0.0,34160.0,1.0,0.0,2026-04-04T00:00:00+0000,47006.64,3.3,0.0,0.0,0.0
2026-04-04T12:00:00+0000,12.447,0.0,0.0,0.0,100.0,100.0,0.0,0.0,34020.0,1.0,0.0,2026-04-04T00:00:00+0000,47006.64,3.3,0.0,0.0,0.0
2026-04-04T13:00:00+0000,13.447,0.0,0.0,0.0,100.0,100.0,0.0,0.0,38100.0,1.0,0.0,2026-04-04T00:00:00+0000,47006.64,3.3,0.0,0.0,0.0
2026-04-04T14:00:00+0000,14.097,0.0,0.0,0.0,100.0,100.0,0.0,0.0,39160.0,1.0,55.1659,2026-04-04T00:00:00+0000,47006.64,3.3,0.0,0.0,0.0153238615
2026-04-04T15:00:00+0000,13.896999,0.0,0.0,0.0,100.0,100.0,0.0,6.0,38880.0,1.0,0.0,2026-04-04T00:00:00+0000,47006.64,3.3,0.0,0.0,0.0
2026-04-04T16:00:00+0000,14.146999,0.0,0.0,0.0,97.0,88.0,40.0,35.0,39420.0,1.0,453.31488,2026-04-04T00:00:00+0000,47006.64,3.3,0.0,0.0,0.1259208
2026-04-04T17:00:00+0000,13.797,0.0,0.0,0.0,100.0,100.0,6.0,35.0,39000.0,1.0,916.4502,2026-04-04T00:00:00+0000,47006.64,3.3,0.0,0.0,0.2545695
2026-04-04T18:00:00+0000,12.396999,0.0,0.0,0.0,88.0,46.0,43.0,67.0,36520.0,0.0,0.0,2026-04-04T00:00:00+0000,47006.64,3.3,0.0,0.0,0.0
2026-04-04T19:00:00+0000,10.896999,0.0,0.0,0.0,48.0,0.0,48.0,0.0,32160.0,0.0,0.0,2026-04-04T00:00:00+0000,47006.64,3.3,0.0,0.0,0.0
2026-04-04T20:00:00+0000,9.847,0.0,0.0,0.0,14.0,0.0,14.0,1.0,29000.0,0.0,0.0,2026-04-04T00:00:00+0000,47006.64,3.3,0.0,0.0,0.0
2026-04-04T21:00:00+0000,9.347,0.0,0.0,0.0,49.0,0.0,0.0,49.0,27280.0,0.0,0.0,2026-04-04T00:00:00+0000,47006.64,3.3,0.0,0.0,0.0
2026-04-04T22:00:00+0000,9.197,0.0,0.0,0.0,19.0,0.0,0.0,19.0,27480.0,0.0,0.0,2026-04-04T00:00:00+0000,47006.64,3.3,0.0,0.0,0.0
2026-04-04T23:00:00+0000,9.247,0.0,0.0,0.0,0.0,0.0,0.0,0.0,28060.0,0.0,0.0,2026-04-04T00:00:00+0000,47006.64,3.3,0.0,0.0,0.0
2026-04-05T00:00:00+0000,8.646999,0.0,0.0,0.0,78.0,0.0,78.0,0.0,21880.0,0.0,0.0,2026-04-05T00:00:00+0000,47220.508,4.8,0.0,0.0,0.0
2026-04-05T01:00:00+0000,8.497,0.0,0.0,0.0,1.0,0.0,0.0,1.0,20360.0,0.0,0.0,2026-04-05T00:00:00+0000,47220.508,4.8,0.0,0.0,0.0
2026-04-05T02:00:00+0000,8.697,0.0,0.0,0.0,8.0,0.0,8.0,0.0,20860.0,0.0,0.0,2026-04-05T00:00:00+0000,47220.508,4.8,0.0,0.0,0.0
2026-04-05T03:00:00+0000,8.497,0.0,0.0,0.0,25.0,0.0,14.0,12.0,18340.0,0.0,0.0,2026-04-05T00:00:00+0000,47220.508,4.8,0.0,0.0,0.0
2026-04-05T04:00:00+0000,8.646999,0.0,0.0,0.0,55.0,0.0,0.0,55.0,20040.0,0.0,0.0,2026-04-05T00:00:00+0000,47220.508,4.8,0.0,0.0,0.0
2026-04-05T05:00:00+0000,8.847,0.0,0.0,0.0,100.0,0.0,0.0,100.0,20100.0,1.0,0.0,2026-04-05T00:00:00+0000,47220.508,4.8,0.0,0.0,0.0
2026-04-05T06:00:00+0000,9.747,0.0,0.0,0.0,100.0,0.0,0.0,100.0,20300.0,1.0,208.13599,2026-04-05T00:00:00+0000,47220.508,4.8,0.0,0.0,0.05781555
2026-04-05T07:00:00+0000,11.396999,0.0,0.0,0.0,100.0,0.0,0.0,100.0,27300.0,1.0,3600.0,2026-04-05T00:00:00+0000,47220.508,4.8,0.0,0.0,1.0
2026-04-05T08:00:00+0000,13.146999,0.0,0.0,0.0,100.0,0.0,0.0,100.0,37800.0,1.0,3600.0,2026-04-05T00:00:00+0000,47220.508,4.8,0.0,0.0,1.0
2026-04-05T09:00:00+0000,15.947,0.0,0.0,0.0,100.0,0.0,0.0,100.0,40060.0,1.0,3600.0,2026-04-05T00:00:00+0000,47220.508,4.8,0.0,0.0,1.0
2026-04-05T10:00:00+0000,18.497,0.0,0.0,0.0,100.0,4.0,0.0,100.0,40900.0,1.0,3600.0,2026-04-05T00:00:00+0000,47220.508,4.8,0.0,0.0,1.0
2026-04-05T11:00:00+0000,19.546999,0.0,0.0,0.0,100.0,10.0,0.0,100.0,41760.0,1.0,3600.0,2026-04-05T00:00:00+0000,47220.508,4.8,0.0,0.0,1.0
2026-04-05T12:00:00+0000,20.147,0.0,0.0,0.0,100.0,0.0,63.0,100.0,42840.0,1.0,3600.0,2026-04-05T00:00:00+0000,47220.508,4.8,0.0,0.0,1.0
2026-04-05T13:00:00+0000,20.247,0.0,0.0,0.0,100.0,0.0,0.0,100.0,42360.0,1.0,3600.0,2026-04-05T00:00:00+0000,47220.508,4.8,0.0,0.0,1.0
2026-04-05T14:00:00+0000,19.697,0.0,0.0,0.0,95.0,0.0,93.0,63.0,47300.0,1.0,3600.0,2026-04-05T00:00:00+0000,47220.508,4.8,0.0,0.0,1.0
2026-04-05T15:00:00+0000,19.097,0.0,0.0,0.0,100.0,18.0,80.0,100.0,42840.0,1.0,3600.0,2026-04-05T00:00:00+0000,47220.508,4.8,0.0,0.0,1.0
2026-04-05T16:00:00+0000,17.447,0.0,0.0,0.0,100.0,0.0,100.0,97.0,41200.0,1.0,3600.0,2026-04-05T00:00:00+0000,47220.508,4.8,0.0,0.0,1.0
2026-04-05T17:00:00+0000,15.797,0.0,0.0,0.0,84.0,0.0,83.0,23.0,40520.0,1.0,3600.0,2026-04-05T00:00:00+0000,47220.508,4.8,0.0,0.0,1.0
2026-04-05T18:00:00+0000,13.247,0.0,0.0,0.0,79.0,0.0,77.0,16.0,37980.0,0.0,1057.854,2026-04-05T00:00:00+0000,47220.508,4.8,0.0,0.0,0.29384834
2026-04-05T19:00:00+0000,11.896999,0.0,0.0,0.0,88.0,0.0,88.0,16.0,37720.0,0.0,0.0,2026-04-05T00:00:00+0000,47220.508,4.8,0.0,0.0,0.0
2026-04-05T20:00:00+0000,11.047,0.0,0.0,0.0,67.0,0.0,68.0,6.0,36180.0,0.0,0.0,2026-04-05T00:00:00+0000,47220.508,4.8,0.0,0.0,0.0
2026-04-05T21:00:00+0000,10.797,0.0,0.0,0.0,94.0,10.0,62.0,76.0,36320.0,0.0,0.0,2026-04-05T00:00:00+0000,47220.508,4.8,0.0,0.0,0.0
2026-04-05T22:00:00+0000,10.247,0.0,0.0,0.0,83.0,42.0,67.0,0.0,34120.0,0.0,0.0,2026-04-05T00:00:00+0000,47220.508,4.8,0.0,0.0,0.0
2026-04-05T23:00:00+0000,9.947,0.0,0.0,0.0,82.0,43.0,62.0,9.0,33260.0,0.0,0.0,2026-04-05T00:00:00+0000,47220.508,4.8,0.0,0.0,0.0
2026-04-06T00:00:00+0000,10.047,0.0,0.0,0.0,100.0,100.0,62.0,94.0,33520.0,0.0,0.0,2026-04-06T00:00:00+0000,47433.59,4.3,0.0,0.0,0.0
2026-04-06T01:00:00+0000,9.547,0.0,0.0,0.0,43.0,0.0,43.0,0.0,37500.0,0.0,0.0,2026-04-06T00:00:00+0000,47433.59,4.3,0.0,0.0,0.0
2026-04-06T02:00:00+0000,8.347,0.0,0.0,0.0,100.0,0.0,0.0,100.0,37400.0,0.0,0.0,2026-04-06T00:00:00+0000,47433.59,4.3,0.0,0.0,0.0
2026-04-06T03:00:00+0000,7.5470004,0.0,0.0,0.0,47.0,6.0,0.0,43.0,36900.0,0.0,0.0,2026-04-06T00:00:00+0000,47433.59,4.3,0.0,0.0,0.0
2026-04-06T04:00:00+0000,6.6470003,0.0,0.0,0.0,72.0,14.0,0.0,63.0,33500.0,0.0,0.0,2026-04-06T00:00:00+0000,47433.59,4.3,0.0,0.0,0.0
2026-04-06T05:00:00+0000,6.1470003,0.0,0.0,0.0,63.0,59.0,0.0,23.0,35080.0,1.0,0.0,2026-04-06T00:00:00+0000,47433.59,4.3,0.0,0.0,0.0
2026-04-06T06:00:00+0000,6.097,0.0,0.0,0.0,100.0,52.0,0.0,100.0,37000.0,1.0,0.0,2026-04-06T00:00:00+0000,47433.59,4.3,0.0,0.0,0.0
2026-04-06T07:00:00+0000,7.697,0.0,0.0,0.0,81.0,64.0,0.0,43.0,39320.0,1.0,3600.0,2026-04-06T00:00:00+0000,47433.59,4.3,0.0,0.0,1.0
2026-04-06T08:00:00+0000,9.146999,0.0,0.0,0.0,94.0,94.0,0.0,0.0,40640.0,1.0,3600.0,2026-04-06T00:00:00+0000,47433.59,4.3,0.0,0.0,1.0
2026-04-06T09:00:00+0000,11.297,0.0,0.0,0.0,64.0,46.0,0.0,37.0,40780.0,1.0,3600.0,2026-04-06T00:00:00+0000,47433.59,4.3,0.0,0.0,1.0
2026-04-06T10:00:00+0000,13.146999,0.0,0.0,0.0,82.0,9.0,0.0,77.0,41120.0,1.0,3600.0,2026-04-06T00:00:00+0000,47433.59,4.3,0.0,0.0,1.0
2026-04-06T11:00:00+0000,13.896999,0.0,0.0,0.0,100.0,81.0,0.0,100.0,41080.0,1.0,3600.0,2026-04-06T00:00:00+0000,47433.59,4.3,0.0,0.0,1.0
2026-04-06T12:00:00+0000,14.447,0.0,0.0,0.0,70.0,34.0,38.0,27.0,41540.0,1.0,3600.0,2026-04-06T00:00:00+0000,47433.59,4.3,0.0,0.0,1.0
2026-04-06T13:00:00+0000,15.047,0.0,0.0,0.0,100.0,23.0,78.0,100.0,41860.0,1.0,3600.0,2026-04-06T00:00:00+0000,47433.59,4.3,0.0,0.0,1.0
2026-04-06T14:00:00+0000,15.447,0.0,0.0,0.0,56.0,39.0,0.0,24.0,41860.0,1.0,3600.0,2026-04-06T00:00:00+0000,47433.59,4.3,0.0,0.0,1.0
2026-04-06T15:00:00+0000,15.247,0.0,0.0,0.0,100.0,0.0,92.0,100.0,41860.0,1.0,3600.0,2026-04-06T00:00:00+0000,47433.59,4.3,0.0,0.0,1.0
2026-04-06T16:00:00+0000,14.547,0.0,0.0,0.0,100.0,0.0,2.0,100.0,41780.0,1.0,3600.0,2026-04-06T00:00:00+0000,47433.59,4.3,0.0,0.0,1.0
2026-04-06T17:00:00+0000,13.646999,0.0,0.0,0.0,100.0,0.0,1.0,100.0,41960.0,1.0,2721.1785,2026-04-06T00:00:00+0000,47433.59,4.3,0.0,0.0,0.7558829
2026-04-06T18:00:00+0000,11.497,0.0,0.0,0.0,28.0,0.0,0.0,28.0,40900.0,1.0,139.9736,2026-04-06T00:00:00+0000,47433.59,4.3,0.0,0.0,0.038881555
2026-04-06T19:00:00+0000,10.247,0.0,0.0,0.0,1.0,0.0,0.0,1.0,41100.0,0.0,0.0,2026-04-06T00:00:00+0000,47433.59,4.3,0.0,0.0,0.0
2026-04-06T20:00:00+0000,9.497,0.0,0.0,0.0,88.0,0.0,88.0,25.0,41440.0,0.0,0.0,2026-04-06T00:00:00+0000,47433.59,4.3,0.0,0.0,0.0
2026-04-06T21:00:00+0000,8.646999,0.0,0.0,0.0,70.0,0.0,38.0,44.0,41460.0,0.0,0.0,2026-04-06T00:00:00+0000,47433.59,4.3,0.0,0.0,0.0
2026-04-06T22:00:00+0000,8.297,0.0,0.0,0.0,78.0,0.0,64.0,37.0,41480.0,0.0,0.0,2026-04-06T00:00:00+0000,47433.59,4.3,0.0,0.0,0.0
2026-04-06T23:00:00+0000,8.396999,0.0,0.0,0.0,61.0,0.0,0.0,61.0,41660.0,0.0,0.0,2026-04-06T00:00:00+0000,47433.59,4.3,0.0,0.0,0.0
2026-04-07T00:00:00+0000,6.947,0.0,0.0,0.0,100.0,0.0,0.0,100.0,41280.0,0.0,0.0,2026-04-07T00:00:00+0000,47645.75,5.3,0.0,0.0,0.0
2026-04-07T01:00:00+0000,6.947,0.0,0.0,0.0,94.0,0.0,43.0,87.0,40400.0,0.0,0.0,2026-04-07T00:00:00+0000,47645.75,5.3,0.0,0.0,0.0
2026-04-07T02:00:00+0000,6.2970004,0.0,0.0,0.0,69.0,0.0,0.0,69.0,38660.0,0.0,0.0,2026-04-07T00:00:00+0000,47645.75,5.3,0.0,0.0,0.0
2026-04-07T03:00:00+0000,5.247,0.0,0.0,0.0,35.0,0.0,0.0,35.0,35760.0,0.0,0.0,2026-04-07T00:00:00+0000,47645.75,5.3,0.0,0.0,0.0
2026-04-07T04:00:00+0000,4.8970003,0.0,0.0,0.0,10.0,0.0,0.0,10.0,31780.0,0.0,0.0,2026-04-07T00:00:00+0000,47645.75,5.3,0.0,0.0,0.0
2026-04-07T05:00:00+0000,4.6470003,0.0,0.0,0.0,22.0,0.0,10.0,12.0,32040.0,1.0,0.0,2026-04-07T00:00:00+0000,47645.75,5.3,0.0,0.0,0.0
2026-04-07T06:00:00+0000,5.2970004,0.0,0.0,0.0,0.0,0.0,0.0,0.0,33360.0,1.0,3600.0,2026-04-07T00:00:00+0000,47645.75,5.3,0.0,0.0,1.0
2026-04-07T07:00:00+0000,8.097,0.0,0.0,0.0,7.0,0.0,5.0,2.0,37360.0,1.0,3600.0,2026-04-07T00:00:00+0000,47645.75,5.3,0.0,0.0,1.0
2026-04-07T08:00:00+0000,10.697,0.0,0.0,0.0,28.0,0.0,12.0,18.0,40540.0,1.0,3600.0,2026-04-07T00:00:00+0000,47645.75,5.3,0.0,0.0,1.0
2026-04-07T09:00:00+0000,12.797,0.0,0.0,0.0,22.0,0.0,0.0,22.0,42040.0,1.0,3600.0,2026-04-07T00:00:00+0000,47645.75,5.3,0.0,0.0,1.0
2026-04-07T10:00:00+0000,14.597,0.0,0.0,0.0,12.0,0.0,0.0,12.0,42700.0,1.0,3600.0,2026-04-07T00:00:00+0000,47645.75,5.3,0.0,0.0,1.0
2026-04-07T11:00:00+0000,15.697,0.0,0.0,0.0,5.0,0.0,0.0,5.0,42520.0,1.0,3600.0,2026-04-07T00:00:00+0000,47645.75,5.3,0.0,0.0,1.0
2026-04-07T12:00:00+0000,16.897,0.0,0.0,0.0,3.0,0.0,0.0,3.0,42680.0,1.0,3600.0,2026-04-07T00:00:00+0000,47645.75,5.3,0.0,0.0,1.0
2026-04-07T13:00:00+0000,17.697,0.0,0.0,0.0,31.0,0.0,0.0,31.0,42440.0,1.0,3600.0,2026-04-07T00:00:00+0000,47645.75,5.3,0.0,0.0,1.0
2026-04-07T14:00:00+0000,17.897,0.0,0.0,0.0,25.0,0.0,0.0,25.0,42360.0,1.0,3600.0,2026-04-07T00:00:00+0000,47645.75,5.3,0.0,0.0,1.0
2026-04-07T15:00:00+0000,18.247,0.0,0.0,0.0,12.0,0.0,0.0,12.0,43540.0,1.0,3600.0,2026-04-07T00:00:00+0000,47645.75,5.3,0.0,0.0,1.0
2026-04-07T16:00:00+0000,17.397,0.0,0.0,0.0,0.0,0.0,0.0,0.0,44360.0,1.0,3600.0,2026-04-07T00:00:00+0000,47645.75,5.3,0.0,0.0,1.0
2026-04-07T17:00:00+0000,16.296999,0.0,0.0,0.0,3.0,0.0,0.0,3.0,44280.0,1.0,3600.0,2026-04-07T00:00:00+0000,47645.75,5.3,0.0,0.0,1.0
2026-04-07T18:00:00+0000,14.297,0.0,0.0,0.0,32.0,0.0,0.0,32.0,43300.0,1.0,3490.3083,2026-04-07T00:00:00+0000,47645.75,5.3,0.0,0.0,0.9695301
2026-04-07T19:00:00+0000,12.896999,0.0,0.0,0.0,0.0,0.0,0.0,0.0,43680.0,0.0,0.0,2026-04-07T00:00:00+0000,47645.75,5.3,0.0,0.0,0.0
2026-04-07T20:00:00+0000,11.697,0.0,0.0,0.0,0.0,0.0,0.0,0.0,42700.0,0.0,0.0,2026-04-07T00:00:00+0000,47645.75,5.3,0.0,0.0,0.0
2026-04-07T21:00:00+0000,10.646999,0.0,0.0,0.0,0.0,0.0,0.0,0.0,41900.0,0.0,0.0,2026-04-07T00:00:00+0000,47645.75,5.3,0.0,0.0,0.0
2026-04-07T22:00:00+0000,10.097,0.0,0.0,0.0,0.0,0.0,0.0,0.0,41620.0,0.0,0.0,2026-04-07T00:00:00+0000,47645.75,5.3,0.0,0.0,0.0
2026-04-07T23:00:00+0000,9.597,0.0,0.0,0.0,0.0,0.0,0.0,0.0,41600.0,0.0,0.0,2026-04-07T00:00:00+0000,47645.75,5.3,0.0,0.0,0.0
2026-04-08T00:00:00+0000,8.396999,0.0,0.0,0.0,0.0,0.0,0.0,0.0,40720.0,0.0,0.0,2026-04-08T00:00:00+0000,47856.85,5.3,0.0,0.0,0.0
2026-04-08T01:00:00+0000,7.7970004,0.0,0.0,0.0,0.0,0.0,0.0,0.0,40520.0,0.0,0.0,2026-04-08T00:00:00+0000,47856.85,5.3,0.0,0.0,0.0
2026-04-08T02:00:00+0000,7.2970004,0.0,0.0,0.0,0.0,0.0,0.0,0.0,40480.0,0.0,0.0,2026-04-08T00:00:00+0000,47856.85,5.3,0.0,0.0,0.0
2026-04-08T03:00:00+0000,5.7970004,0.0,0.0,0.0,0.0,0.0,0.0,0.0,37800.0,0.0,0.0,2026-04-08T00:00:00+0000,47856.85,5.3,0.0,0.0,0.0
2026-04-08T04:00:00+0000,5.697,0.0,0.0,0.0,0.0,0.0,0.0,0.0,40100.0,0.0,0.0,2026-04-08T00:00:00+0000,47856.85,5.3,0.0,0.0,0.0
2026-04-08T05:00:00+0000,5.1470003,0.0,0.0,0.0,19.0,0.0,0.0,19.0,39580.0,1.0,0.0,2026-04-08T00:00:00+0000,47856.85,5.3,0.0,0.0,0.0
2026-04-08T06:00:00+0000,5.8970003,0.0,0.0,0.0,0.0,0.0,0.0,0.0,35420.0,1.0,3600.0,2026-04-08T00:00:00+0000,47856.85,5.3,0.0,0.0,1.0
2026-04-08T07:00:00+0000,8.547,0.0,0.0,0.0,63.0,0.0,0.0,63.0,33580.0,1.0,3600.0,2026-04-08T00:00:00+0000,47856.85,5.3,0.0,0.0,1.0
2026-04-08T08:00:00+0000,10.797,0.0,0.0,0.0,0.0,0.0,0.0,0.0,43120.0,1.0,3600.0,2026-04-08T00:00:00+0000,47856.85,5.3,0.0,0.0,1.0
2026-04-08T09:00:00+0000,13.547,0.0,0.0,0.0,0.0,0.0,0.0,0.0,44160.0,1.0,3600.0,2026-04-08T00:00:00+0000,47856.85,5.3,0.0,0.0,1.0
2026-04-08T10:00:00+0000,15.347,0.0,0.0,0.0,0.0,0.0,0.0,0.0,44920.0,1.0,3600.0,2026-04-08T00:00:00+0000,47856.85,5.3,0.0,0.0,1.0
2026-04-08T11:00:00+0000,16.647,0.0,0.0,0.0,0.0,0.0,0.0,0.0,45320.0,1.0,3600.0,2026-04-08T00:00:00+0000,47856.85,5.3,0.0,0.0,1.0
2026-04-08T12:00:00+0000,17.546999,0.0,0.0,0.0,0.0,0.0,0.0,0.0,45080.0,1.0,3600.0,2026-04-08T00:00:00+0000,47856.85,5.3,0.0,0.0,1.0
2026-04-08T13:00:00+0000,18.296999,0.0,0.0,0.0,0.0,0.0,0.0,0.0,47740.0,1.0,3600.0,2026-04-08T00:00:00+0000,47856.85,5.3,0.0,0.0,1.0
2026-04-08T14:00:00+0000,18.647,0.0,0.0,0.0,0.0,0.0,0.0,0.0,46060.0,1.0,3600.0,2026-04-08T00:00:00+0000,47856.85,5.3,0.0,0.0,1.0
2026-04-08T15:00:00+0000,18.597,0.0,0.0,0.0,0.0,0.0,0.0,0.0,46800.0,1.0,3600.0,2026-04-08T00:00:00+0000,47856.85,5.3,0.0,0.0,1.0
2026-04-08T16:00:00+0000,18.147,0.0,0.0,0.0,0.0,0.0,0.0,0.0,49740.0,1.0,3600.0,2026-04-08T00:00:00+0000,47856.85,5.3,0.0,0.0,1.0
2026-04-08T17:00:00+0000,17.046999,0.0,0.0,0.0,0.0,0.0,0.0,0.0,49660.0,1.0,3600.0,2026-04-08T00:00:00+0000,47856.85,5.3,0.0,0.0,1.0
2026-04-08T18:00:00+0000,14.597,0.0,0.0,0.0,85.0,0.0,0.0,85.0,46500.0,1.0,3578.4702,2026-04-08T00:00:00+0000,47856.85,5.3,0.0,0.0,0.9940195
2026-04-08T19:00:00+0000,12.747,0.0,0.0,0.0,0.0,0.0,0.0,0.0,45300.0,0.0,0.0,2026-04-08T00:00:00+0000,47856.85,5.3,0.0,0.0,0.0
2026-04-08T20:00:00+0000,11.447,0.0,0.0,0.0,100.0,0.0,0.0,100.0,43500.0,0.0,0.0,2026-04-08T00:00:00+0000,47856.85,5.3,0.0,0.0,0.0
2026-04-08T21:00:00+0000,10.396999,0.0,0.0,0.0,52.0,0.0,0.0,52.0,43000.0,0.0,0.0,2026-04-08T00:00:00+0000,47856.85,5.3,0.0,0.0,0.0
2026-04-08T22:00:00+0000,9.146999,0.0,0.0,0.0,2.0,0.0,0.0,2.0,42200.0,0.0,0.0,2026-04-08T00:00:00+0000,47856.85,5.3,0.0,0.0,0.0
2026-04-08T23:00:00+0000,8.896999,0.0,0.0,0.0,61.0,0.0,0.0,61.0,42000.0,0.0,0.0,2026-04-08T00:00:00+0000,47856.85,5.3,0.0,0.0,0.0
2026-04-09T00:00:00+0000,8.497,0.0,0.0,0.0,100.0,0.0,0.0,100.0,42480.0,0.0,0.0,2026-04-09T00:00:00+0000,48066.73,4.7,0.0,0.0,0.0
2026-04-09T01:00:00+0000,7.747,0.0,0.0,0.0,100.0,0.0,0.0,100.0,42220.0,0.0,0.0,2026-04-09T00:00:00+0000,48066.73,4.7,0.0,0.0,0.0
2026-04-09T02:00:00+0000,7.497,0.0,0.0,0.0,100.0,0.0,67.0,100.0,42280.0,0.0,0.0,2026-04-09T00:00:00+0000,48066.73,4.7,0.0,0.0,0.0
2026-04-09T03:00:00+0000,5.997,0.0,0.0,0.0,77.0,0.0,44.0,50.0,41960.0,0.0,0.0,2026-04-09T00:00:00+0000,48066.73,4.7,0.0,0.0,0.0
2026-04-09T04:00:00+0000,5.3970003,0.0,0.0,0.0,100.0,0.0,51.0,100.0,41280.0,0.0,0.0,2026-04-09T00:00:00+0000,48066.73,4.7,0.0,0.0,0.0
2026-04-09T05:00:00+0000,5.247,0.0,0.0,0.0,100.0,0.0,82.0,100.0,41680.0,1.0,0.0,2026-04-09T00:00:00+0000,48066.73,4.7,0.0,0.0,0.0
2026-04-09T06:00:00+0000,5.697,0.0,0.0,0.0,100.0,0.0,73.0,98.0,38640.0,1.0,0.0,2026-04-09T00:00:00+0000,48066.73,4.7,0.0,0.0,0.0
2026-04-09T07:00:00+0000,8.947,0.0,0.0,0.0,83.0,0.0,30.0,65.0,39020.0,1.0,3600.0,2026-04-09T00:00:00+0000,48066.73,4.7,0.0,0.0,1.0
2026-04-09T08:00:00+0000,11.997,0.0,0.0,0.0,100.0,0.0,16.0,100.0,42600.0,1.0,3600.0,2026-04-09T00:00:00+0000,48066.73,4.7,0.0,0.0,1.0
2026-04-09T09:00:00+0000,14.197,0.0,0.0,0.0,62.0,0.0,0.0,62.0,43840.0,1.0,3600.0,2026-04-09T00:00:00+0000,48066.73,4.7,0.0,0.0,1.0
2026-04-09T10:00:00+0000,15.847,0.0,0.0,0.0,92.0,0.0,72.0,74.0,44820.0,1.0,3600.0,2026-04-09T00:00:00+0000,48066.73,4.7,0.0,0.0,1.0
2026-04-09T11:00:00+0000,16.897,0.0,0.0,0.0,90.0,0.0,90.0,1.0,46460.0,1.0,3600.0,2026-04-09T00:00:00+0000,48066.73,4.7,0.0,0.0,1.0
2026-04-09T12:00:00+0000,17.897,0.0,0.0,0.0,84.0,0.0,84.0,5.0,46160.0,1.0,3600.0,2026-04-09T00:00:00+0000,48066.73,4.7,0.0,0.0,1.0
2026-04-09T13:00:00+0000,18.497,0.0,0.0,0.0,47.0,0.0,39.0,15.0,47320.0,1.0,3600.0,2026-04-09T00:00:00+0000,48066.73,4.7,0.0,0.0,1.0
2026-04-09T14:00:00+0000,18.897,0.0,0.0,0.0,71.0,0.0,60.0,26.0,48360.0,1.0,3600.0,2026-04-09T00:00:00+0000,48066.73,4.7,0.0,0.0,1.0
2026-04-09T15:00:00+0000,18.347,0.0,0.0,0.0,98.0,0.0,96.0,50.0,50840.0,1.0,3600.0,2026-04-09T00:00:00+0000,48066.73,4.7,0.0,0.0,1.0
2026-04-09T16:00:00+0000,17.296999,0.0,0.0,0.0,100.0,0.0,100.0,100.0,48080.0,1.0,3600.0,2026-04-09T00:00:00+0000,48066.73,4.7,0.0,0.0,1.0
2026-04-09T17:00:00+0000,16.197,0.0,0.0,0.0,100.0,0.0,100.0,100.0,49940.0,1.0,734.9409,2026-04-09T00:00:00+0000,48066.73,4.7,0.0,0.0,0.20415026
2026-04-09T18:00:00+0000,13.947,0.0,0.0,0.0,100.0,0.0,100.0,100.0,49100.0,1.0,0.0,2026-04-09T00:00:00+0000,48066.73,4.7,0.0,0.0,0.0
2026-04-09T19:00:00+0000,12.747,0.0,0.0,0.0,77.0,0.0,76.0,2.0,51860.0,0.0,0.0,2026-04-09T00:00:00+0000,48066.73,4.7,0.0,0.0,0.0
2026-04-09T20:00:00+0000,11.997,0.0,0.0,0.0,61.0,0.0,59.0,16.0,54100.0,0.0,0.0,2026-04-09T00:00:00+0000,48066.73,4.7,0.0,0.0,0.0
2026-04-09T21:00:00+0000,10.797,0.0,0.0,0.0,98.0,0.0,84.0,87.0,48640.0,0.0,0.0,2026-04-09T00:00:00+0000,48066.73,4.7,0.0,0.0,0.0
2026-04-09T22:00:00+0000,10.447,0.0,0.0,0.0,64.0,0.0,0.0,64.0,45480.0,0.0,0.0,2026-04-09T00:00:00+0000,48066.73,4.7,0.0,0.0,0.0
2026-04-09T23:00:00+0000,9.997,0.0,0.0,0.0,100.0,0.0,63.0,100.0,45240.0,0.0,0.0,2026-04-09T00:00:00+0000,48066.73,4.7,0.0,0.0,0.0
2026-04-10T00:00:00+0000,10.247,0.0,0.0,0.0,100.0,0.0,100.0,100.0,43780.0,0.0,0.0,2026-04-10T00:00:00+0000,48275.258,3.65,0.0,0.0,0.0
2026-04-10T01:00:00+0000,9.947,0.0,0.0,0.0,100.0,0.0,100.0,100.0,41760.0,0.0,0.0,2026-04-10T00:00:00+0000,48275.258,3.65,0.0,0.0,0.0
2026-04-10T02:00:00+0000,10.146999,0.0,0.0,0.0,100.0,15.0,100.0,100.0,40980.0,0.0,0.0,2026-04-10T00:00:00+0000,48275.258,3.65,0.0,0.0,0.0
2026-04-10T03:00:00+0000,10.047,0.0,0.0,0.0,100.0,49.0,100.0,100.0,40160.0,0.0,0.0,2026-04-10T00:00:00+0000,48275.258,3.65,0.0,0.0,0.0
2026-04-10T04:00:00+0000,10.396999,0.0,0.0,0.0,100.0,10.0,100.0,100.0,40640.0,0.0,0.0,2026-04-10T00:00:00+0000,48275.258,3.65,0.0,0.0,0.0
2026-04-10T05:00:00+0000,10.797,0.5,0.0,0.0,100.0,59.0,100.0,100.0,40500.0,1.0,0.0,2026-04-10T00:00:00+0000,48275.258,3.65,0.5,0.5,0.0
2026-04-10T06:00:00+0000,10.997,0.0,0.0,0.0,100.0,3.0,100.0,100.0,40380.0,1.0,0.0,2026-04-10T00:00:00+0000,48275.258,3.65,0.0,0.0,0.0
2026-04-10T07:00:00+0000,11.447,0.0,0.0,0.0,100.0,49.0,100.0,100.0,39140.0,1.0,0.0,2026-04-10T00:00:00+0000,48275.258,3.65,0.0,0.0,0.0
2026-04-10T08:00:00+0000,9.847,0.0,0.0,0.0,100.0,100.0,100.0,100.0,30020.0,1.0,0.0,2026-04-10T00:00:00+0000,48275.258,3.65,0.0,0.0,0.0
2026-04-10T09:00:00+0000,9.497,0.0,0.0,0.0,100.0,100.0,100.0,100.0,28960.0,1.0,0.0,2026-04-10T00:00:00+0000,48275.258,3.65,0.0,0.0,0.0
2026-04-10T10:00:00+0000,9.097,0.0,0.0,0.0,100.0,100.0,99.0,100.0,29420.0,1.0,0.0,2026-04-10T00:00:00+0000,48275.258,3.65,0.0,0.0,0.0
2026-04-10T11:00:00+0000,9.797,0.0,0.0,0.0,100.0,85.0,100.0,100.0,38100.0,1.0,0.0,2026-04-10T00:00:00+0000,48275.258,3.65,0.0,0.0,0.0
2026-04-10T12:00:00+0000,10.947,0.0,0.0,0.0,100.0,36.0,100.0,100.0,40160.0,1.0,0.0,2026-04-10T00:00:00+0000,48275.258,3.65,0.0,0.0,0.0
2026-04-10T13:00:00+0000,12.247,0.0,0.0,0.0,100.0,20.0,78.0,100.0,41680.0,1.0,3600.0,2026-04-10T00:00:00+0000,48275.258,3.65,0.0,0.0,1.0
2026-04-10T14:00:00+0000,12.497,0.0,0.0,0.0,100.0,0.0,68.0,99.0,43220.0,1.0,3600.0,2026-04-10T00:00:00+0000,48275.258,3.65,0.0,0.0,1.0
2026-04-10T15:00:00+0000,12.646999,0.0,0.0,0.0,100.0,0.0,71.0,100.0,46280.0,1.0,3600.0,2026-04-10T00:00:00+0000,48275.258,3.65,0.0,0.0,1.0
2026-04-10T16:00:00+0000,11.797,0.0,0.0,0.0,100.0,0.0,93.0,100.0,46980.0,1.0,3600.0,2026-04-10T00:00:00+0000,48275.258,3.65,0.0,0.0,1.0
2026-04-10T17:00:00+0000,10.847,0.0,0.0,0.0,100.0,0.0,85.0,97.0,42900.0,1.0,668.3725,2026-04-10T00:00:00+0000,48275.258,3.65,0.0,0.0,0.18565902
2026-04-10T18:00:00+0000,9.297,0.0,0.0,0.0,99.0,0.0,95.0,85.0,41120.0,1.0,0.0,2026-04-10T00:00:00+0000,48275.258,3.65,0.0,0.0,0.0
2026-04-10T19:00:00+0000,8.347,0.0,0.0,0.0,100.0,0.0,100.0,100.0,41620.0,0.0,98.36261,2026-04-10T00:00:00+0000,48275.258,3.65,0.0,0.0,0.027322948
2026-04-10T20:00:00+0000,8.097,0.0,0.0,0.0,100.0,31.0,100.0,100.0,42440.0,0.0,0.0,2026-04-10T00:00:00+0000,48275.258,3.65,0.0,0.0,0.0
2026-04-10T21:00:00+0000,7.7970004,0.0,0.0,0.0,100.0,13.0,100.0,100.0,42960.0,0.0,0.0,2026-04-10T00:00:00+0000,48275.258,3.65,0.0,0.0,0.0
2026-04-10T22:00:00+0000,7.447,0.0,0.0,0.0,100.0,0.0,100.0,100.0,42240.0,0.0,0.0,2026-04-10T00:00:00+0000,48275.258,3.65,0.0,0.0,0.0
2026-04-10T23:00:00+0000,7.497,0.0,0.0,0.0,100.0,0.0,100.0,100.0,41500.0,0.0,0.0,2026-04-10T00:00:00+0000,48275.258,3.65,0.0,0.0,0.0
2026-04-11T00:00:00+0000,7.097,0.0,0.0,0.0,100.0,0.0,100.0,100.0,41040.0,0.0,0.0,2026-04-11T00:00:00+0000,48482.273,5.55,0.0,0.0,0.0
2026-04-11T01:00:00+0000,6.597,0.0,0.0,0.0,86.0,0.0,86.0,1.0,41120.0,0.0,0.0,2026-04-11T00:00:00+0000,48482.273,5.55,0.0,0.0,0.0
2026-04-11T02:00:00+0000,6.1470003,0.0,0.0,0.0,86.0,0.0,77.0,47.0,40980.0,0.0,0.0,2026-04-11T00:00:00+0000,48482.273,5.55,0.0,0.0,0.0
2026-04-11T03:00:00+0000,6.0470004,0.0,0.0,0.0,100.0,0.0,82.0,100.0,41040.0,0.0,0.0,2026-04-11T00:00:00+0000,48482.273,5.55,0.0,0.0,0.0
2026-04-11T04:00:00+0000,5.8970003,0.0,0.0,0.0,100.0,0.0,79.0,100.0,40980.0,0.0,0.0,2026-04-11T00:00:00+0000,48482.273,5.55,0.0,0.0,0.0
2026-04-11T05:00:00+0000,5.6470003,0.0,0.0,0.0,74.0,0.0,70.0,20.0,40800.0,1.0,0.0,2026-04-11T00:00:00+0000,48482.273,5.55,0.0,0.0,0.0
2026-04-11T06:00:00+0000,6.447,0.0,0.0,0.0,82.0,0.0,72.0,41.0,40240.0,1.0,2424.0806,2026-04-11T00:00:00+0000,48482.273,5.55,0.0,0.0,0.6733557
2026-04-11T07:00:00+0000,8.728624,0.0,0.0,0.0,99.25,0.0,84.5,95.5,40225.0,1.0,3483.36,2026-04-11T00:00:00+0000,48482.273,5.55,0.0,0.0,0.96760005
2026-04-11T08:00:00+0000,10.61025,0.0,0.0,0.0,93.0,0.0,80.0,50.0,40310.0,1.0,3600.0,2026-04-11T00:00:00+0000,48482.273,5.55,0.0,0.0,1.0
2026-04-11T09:00:00+0000,12.679375,0.0,0.0,0.0,72.75,0.0,71.5,4.5,40345.0,1.0,3600.0,2026-04-11T00:00:00+0000,48482.273,5.55,0.0,0.0,1.0
2026-04-11T10:00:00+0000,15.0735,0.0,0.0,0.0,14.0,0.0,14.0,0.0,40500.0,1.0,3600.0,2026-04-11T00:00:00+0000,48482.273,5.55,0.0,0.0,1.0
2026-04-11T11:00:00+0000,17.223501,0.0,0.0,0.0,0.0,0.0,0.0,0.0,40900.0,1.0,3600.0,2026-04-11T00:00:00+0000,48482.273,5.55,0.0,0.0,1.0
2026-04-11T12:00:00+0000,18.973501,0.0,0.0,0.0,1.0,0.0,0.0,1.0,41640.0,1.0,3600.0,2026-04-11T00:00:00+0000,48482.273,5.55,0.0,0.0,1.0
2026-04-11T13:00:00+0000,20.4235,0.0,0.0,0.0,1.0,0.0,0.0,1.0,42420.0,1.0,3600.0,2026-04-11T00:00:00+0000,48482.273,5.55,0.0,0.0,1.0
2026-04-11T14:00:00+0000,21.3735,0.0,0.0,0.0,11.0,0.0,3.0,9.0,43020.0,1.0,3600.0,2026-04-11T00:00:00+0000,48482.273,5.55,0.0,0.0,1.0
2026-04-11T15:00:00+0000,21.8735,0.0,0.0,0.0,6.0,1.0,5.0,0.0,43340.0,1.0,3600.0,2026-04-11T00:00:00+0000,48482.273,5.55,0.0,0.0,1.0
2026-04-11T16:00:00+0000,21.7735,0.0,0.0,0.0,5.0,0.0,5.0,0.0,43300.0,1.0,3600.0,2026-04-11T00:00:00+0000,48482.273,5.55,0.0,0.0,1.0
2026-04-11T17:00:00+0000,21.1235,0.0,0.0,0.0,14.0,2.0,11.0,1.0,42960.0,1.0,3600.0,2026-04-11T00:00:00+0000,48482.273,5.55,0.0,0.0,1.0
2026-04-11T18:00:00+0000,19.0235,0.0,0.0,0.0,100.0,0.0,38.0,100.0,41500.0,1.0,3600.0,2026-04-11T00:00:00+0000,48482.273,5.55,0.0,0.0,1.0
2026-04-11T19:00:00+0000,16.6235,0.0,0.0,0.0,76.0,0.0,66.0,26.0,39920.0,0.0,0.0,2026-04-11T00:00:00+0000,48482.273,5.55,0.0,0.0,0.0
2026-04-11T20:00:00+0000,15.2734995,0.0,0.1,0.0,98.0,64.0,95.0,75.0,38160.0,0.0,0.0,2026-04-11T00:00:00+0000,48482.273,5.55,0.1,0.1,0.0
2026-04-11T21:00:00+0000,13.5735,0.0,0.0,0.0,91.0,54.0,73.0,33.0,29540.0,0.0,0.0,2026-04-11T00:00:00+0000,48482.273,5.55,0.0,0.0,0.0
2026-04-11T22:00:00+0000,12.3235,0.9,0.1,0.0,100.0,80.0,100.0,0.0,16180.0,0.0,0.0,2026-04-11T00:00:00+0000,48482.273,5.55,1.0,1.0,0.0
2026-04-11T23:00:00+0000,11.8235,1.0,0.0,0.0,100.0,85.0,100.0,100.0,27060.0,0.0,0.0,2026-04-11T00:00:00+0000,48482.273,5.55,1.0,1.0,0.0
2026-04-12T00:00:00+0000,11.2734995,1.7,0.1,0.0,100.0,84.0,100.0,61.0,21320.0,0.0,0.0,2026-04-12T00:00:00+0000,48687.887,2.45,1.8000001,1.8000001,0.0
2026-04-12T01:00:00+0000,11.0234995,1.3,0.2,0.0,100.0,92.0,100.0,55.0,18200.0,0.0,0.0,2026-04-12T00:00:00+0000,48687.887,2.45,1.5,1.5,0.0
2026-04-12T02:00:00+0000,9.9735,1.6,0.0,0.0,100.0,74.0,97.0,100.0,31600.0,0.0,0.0,2026-04-12T00:00:00+0000,48687.887,2.45,1.6,1.6,0.0
2026-04-12T03:00:00+0000,8.5735,0.5,0.0,0.0,99.0,84.0,97.0,57.0,31020.0,0.0,0.0,2026-04-12T00:00:00+0000,48687.887,2.45,0.5,0.5,0.0
2026-04-12T04:00:00+0000,7.7735,0.4,0.0,0.0,97.0,89.0,91.0,1.0,26620.0,0.0,0.0,2026-04-12T00:00:00+0000,48687.887,2.45,0.4,0.4,0.0
2026-04-12T05:00:00+0000,7.4735,0.2,0.0,0.0,100.0,100.0,100.0,3.0,30420.0,1.0,0.0,2026-04-12T00:00:00+0000,48687.887,2.45,0.2,0.2,0.0
2026-04-12T06:00:00+0000,7.0734997,0.3,0.0,0.0,100.0,59.0,100.0,0.0,34580.0,1.0,0.0,2026-04-12T00:00:00+0000,48687.887,2.45,0.3,0.3,0.0
2026-04-12T07:00:00+0000,6.5734997,0.4,0.0,0.0,98.0,86.0,97.0,5.0,25700.0,1.0,0.0,2026-04-12T00:00:00+0000,48687.887,2.45,0.4,0.4,0.0
2026-04-12T08:00:00+0000,6.8234997,0.3,0.0,0.0,99.0,91.0,99.0,31.0,30580.0,1.0,0.0,2026-04-12T00:00:00+0000,48687.887,2.45,0.3,0.3,0.0
2026-04-12T09:00:00+0000,6.3735,0.7,0.0,0.0,100.0,97.0,100.0,38.0,18020.0,1.0,0.0,2026-04-12T00:00:00+0000,48687.887,2.45,0.7,0.7,0.0
2026-04-12T10:00:00+0000,6.8234997,0.3,0.0,0.0,100.0,82.0,100.0,100.0,39200.0,1.0,0.0,2026-04-12T00:00:00+0000,48687.887,2.45,0.3,0.3,0.0
2026-04-12T11:00:00+0000,6.7735,0.3,0.0,0.0,100.0,93.0,100.0,100.0,25860.0,1.0,0.0,2026-04-12T00:00:00+0000,48687.887,2.45,0.3,0.3,0.0
2026-04-12T12:00:00+0000,6.4735,0.5,0.0,0.0,100.0,95.0,100.0,100.0,21040.0,1.0,0.0,2026-04-12T00:00:00+0000,48687.887,2.45,0.5,0.5,0.0
2026-04-12T13:00:00+0000,6.0734997,0.9,0.0,0.0,100.0,96.0,100.0,100.0,18840.0,1.0,0.0,2026-04-12T00:00:00+0000,48687.887,2.45,0.9,0.9,0.0
2026-04-12T14:00:00+0000,5.5235,0.9,0.0,0.0,100.0,98.0,100.0,100.0,16660.0,1.0,0.0,2026-04-12T00:00:00+0000,48687.887,2.45,0.9,0.9,0.0
2026-04-12T15:00:00+0000,5.0235,0.9,0.0,0.0,100.0,99.0,100.0,100.0,14460.0,1.0,0.0,2026-04-12T00:00:00+0000,48687.887,2.45,0.9,0.9,0.0
2026-04-12T16:00:00+0000,4.7235,0.8,0.0,0.0,100.0,96.0,100.0,100.0,17220.0,1.0,0.0,2026-04-12T00:00:00+0000,48687.887,2.45,0.8,0.8,0.0
2026-04-12T17:00:00+0000,4.5235,0.8,0.0,0.0,100.0,93.0,100.0,100.0,19980.0,1.0,0.0,2026-04-12T00:00:00+0000,48687.887,2.45,0.8,0.8,0.0
2026-04-12T18:00:00+0000,4.2735,0.8,0.0,0.0,100.0,90.0,100.0,100.0,22740.0,1.0,0.0,2026-04-12T00:00:00+0000,48687.887,2.45,0.8,0.8,0.0
2026-04-12T19:00:00+0000,3.8735,1.6,0.0,0.0,100.0,92.0,100.0,100.0,20040.0,0.0,0.0,2026-04-12T00:00:00+0000,48687.887,2.45,1.6,1.6,0.0
2026-04-12T20:00:00+0000,3.3735,1.6,0.0,0.0,100.0,95.0,100.0,100.0,17320.0,0.0,0.0,2026-04-12T00:00:00+0000,48687.887,2.45,1.6,1.6,0.0
2026-04-12T21:00:00+0000,2.9735,1.6,0.0,0.0,100.0,97.0,100.0,100.0,14620.0,0.0,0.0,2026-04-12T00:00:00+0000,48687.887,2.45,1.6,1.6,0.0
2026-04-12T22:00:00+0000,2.7235,1.0,0.0,0.0,100.0,96.0,100.0,100.0,10000.0,0.0,0.0,2026-04-12T00:00:00+0000,48687.887,2.45,1.0,1.0,0.0
2026-04-12T23:00:00+0000,2.5735002,1.0,0.0,0.0,100.0,94.0,100.0,100.0,5380.0,0.0,0.0,2026-04-12T00:00:00+0000,48687.887,2.45,1.0,1.0,0.0
2026-04-13T00:00:00+0000,2.4735,1.0,0.0,0.0,100.0,93.0,100.0,100.0,760.0,0.0,0.0,2026-04-13T00:00:00+0000,48893.57,0.5,1.0,1.0,0.0
2026-04-13T01:00:00+0000,2.4735,0.5,0.0,0.0,100.0,92.0,100.0,67.0,5420.0,0.0,0.0,2026-04-13T00:00:00+0000,48893.57,0.5,0.5,0.5,0.0
2026-04-13T02:00:00+0000,2.5235002,0.5,0.0,0.0,100.0,91.0,100.0,33.0,10100.0,0.0,0.0,2026-04-13T00:00:00+0000,48893.57,0.5,0.5,0.5,0.0
2026-04-13T03:00:00+0000,2.6235,0.5,0.0,0.0,100.0,90.0,100.0,0.0,14760.0,0.0,0.0,2026-04-13T00:00:00+0000,48893.57,0.5,0.5,0.5,0.0
2026-04-13T04:00:00+0000,2.6235,0.4,0.0,0.0,100.0,84.0,100.0,18.0,10200.0,0.0,0.0,2026-04-13T00:00:00+0000,48893.57,0.5,0.4,0.4,0.0
2026-04-13T05:00:00+0000,2.6735,0.4,0.0,0.0,100.0,79.0,99.0,37.0,5640.0,1.0,0.0,2026-04-13T00:00:00+0000,48893.57,0.5,0.4,0.4,0.0
2026-04-13T06:00:00+0000,2.8735,0.4,0.0,0.0,100.0,73.0,99.0,55.0,1080.0,1.0,0.0,2026-04-13T00:00:00+0000,48893.57,0.5,0.4,0.4,0.0
2026-04-13T07:00:00+0000,3.3735,0.0,0.0,0.0,100.0,72.0,98.0,37.0,7060.0,1.0,0.0,2026-04-13T00:00:00+0000,48893.57,0.5,0.0,0.0,0.0
2026-04-13T08:00:00+0000,4.0735,0.0,0.0,0.0,99.0,71.0,97.0,18.0,13040.0,1.0,0.0,2026-04-13T00:00:00+0000,48893.57,0.5,0.0,0.0,0.0
2026-04-13T09:00:00+0000,4.7235,0.0,0.0,0.0,99.0,70.0,96.0,0.0,19020.0,1.0,0.0,2026-04-13T00:00:00+0000,48893.57,0.5,0.0,0.0,0.0
2026-04-13T10:00:00+0000,5.3735,0.2,0.0,0.0,99.0,70.0,97.0,6.0,22400.0,1.0,0.0,2026-04-13T00:00:00+0000,48893.57,0.5,0.2,0.2,0.0
2026-04-13T11:00:00+0000,5.9735,0.2,0.0,0.0,100.0,70.0,99.0,13.0,25800.0,1.0,0.0,2026-04-13T00:00:00+0000,48893.57,0.5,0.2,0.2,0.0
2026-04-13T12:00:00+0000,6.4235,0.2,0.0,0.0,100.0,70.0,100.0,19.0,29180.0,1.0,0.0,2026-04-13T00:00:00+0000,48893.57,0.5,0.2,0.2,0.0
2026-04-13T13:00:00+0000,6.6235,0.3,0.0,0.0,100.0,71.0,100.0,46.0,27000.0,1.0,0.0,2026-04-13T00:00:00+0000,48893.57,0.5,0.3,0.3,0.0
2026-04-13T14:00:00+0000,6.6235,0.3,0.0,0.0,100.0,71.0,100.0,73.0,24820.0,1.0,0.0,2026-04-13T00:00:00+0000,48893.57,0.5,0.3,0.3,0.0
2026-04-13T15:00:00+0000,6.5235,0.3,0.0,0.0,100.0,72.0,100.0,100.0,22640.0,1.0,0.0,2026-04-13T00:00:00+0000,48893.57,0.5,0.3,0.3,0.0
2026-04-13T16:00:00+0000,6.2735,0.2,0.0,0.0,99.0,63.0,99.0,75.0,21740.0,1.0,0.0,2026-04-13T00:00:00+0000,48893.57,0.5,0.2,0.2,0.0
2026-04-13T17:00:00+0000,5.8735,0.2,0.0,0.0,99.0,54.0,97.0,49.0,20860.0,1.0,0.0,2026-04-13T00:00:00+0000,48893.57,0.5,0.2,0.2,0.0
2026-04-13T18:00:00+0000,5.5235,0.2,0.0,0.0,98.0,45.0,96.0,24.0,19960.0,1.0,0.0,2026-04-13T00:00:00+0000,48893.57,0.5,0.2,0.2,0.0
2026-04-13T19:00:00+0000,5.2235,0.1,0.0,0.0,97.0,50.0,94.0,16.0,19480.0,0.0,0.0,2026-04-13T00:00:00+0000,48893.57,0.5,0.1,0.1,0.0
2026-04-13T20:00:00+0000,4.9735,0.1,0.0,0.0,97.0,56.0,93.0,8.0,19020.0,0.0,0.0,2026-04-13T00:00:00+0000,48893.57,0.5,0.1,0.1,0.0
2026-04-13T21:00:00+0000,4.7235,0.1,0.0,0.0,96.0,61.0,91.0,0.0,18540.0,0.0,0.0,2026-04-13T00:00:00+0000,48893.57,0.5,0.1,0.1,0.0
2026-04-13T22:00:00+0000,4.5734997,0.2,0.0,0.0,97.0,67.0,94.0,7.0,17680.0,0.0,0.0,2026-04-13T00:00:00+0000,48893.57,0.5,0.2,0.2,0.0
2026-04-13T23:00:00+0000,4.4235,0.2,0.0,0.0,99.0,74.0,97.0,14.0,16800.0,0.0,0.0,2026-04-13T00:00:00+0000,48893.57,0.5,0.2,0.2,0.0
2026-04-14T00:00:00+0000,4.3234997,0.2,0.0,0.0,100.0,80.0,100.0,21.0,15940.0,0.0,0.0,2026-04-14T00:00:00+0000,49099.453,2.65,0.2,0.2,0.0
2026-04-14T01:00:00+0000,4.2735,0.3,0.0,0.0,100.0,81.0,100.0,47.0,15760.0,0.0,0.0,2026-04-14T00:00:00+0000,49099.453,2.65,0.3,0.3,0.0
2026-04-14T02:00:00+0000,4.2235,0.3,0.0,0.0,100.0,81.0,100.0,74.0,15560.0,0.0,0.0,2026-04-14T00:00:00+0000,49099.453,2.65,0.3,0.3,0.0
2026-04-14T03:00:00+0000,4.2235,0.3,0.0,0.0,100.0,82.0,100.0,100.0,15380.0,0.0,0.0,2026-04-14T00:00:00+0000,49099.453,2.65,0.3,0.3,0.0
2026-04-14T04:00:00+0000,4.16175,0.475,0.0,0.0,100.0,84.5,100.0,98.75,12950.0,0.0,0.0,2026-04-14T00:00:00+0000,49099.453,2.65,0.475,0.475,0.0
2026-04-14T05:00:00+0000,4.225,0.45,0.0,0.0,100.0,87.5,100.0,99.0,12710.0,1.0,0.0,2026-04-14T00:00:00+0000,49099.453,2.65,0.45,0.45,0.0
2026-04-14T06:00:00+0000,4.21325,0.425,0.0,0.0,100.0,91.0,100.0,100.0,14685.0,1.0,0.0,2026-04-14T00:00:00+0000,49099.453,2.65,0.425,0.425,0.0
2026-04-14T07:00:00+0000,5.3765,0.2,0.0,0.0,99.0,80.0,97.0,75.0,17520.0,1.0,0.0,2026-04-14T00:00:00+0000,49099.453,2.65,0.2,0.2,0.0
2026-04-14T08:00:00+0000,5.9765,0.2,0.0,0.0,99.0,82.0,96.0,49.0,20840.0,1.0,0.0,2026-04-14T00:00:00+0000,49099.453,2.65,0.2,0.2,0.0
2026-04-14T09:00:00+0000,6.4765,0.2,0.0,0.0,98.0,84.0,95.0,24.0,24140.0,1.0,0.0,2026-04-14T00:00:00+0000,49099.453,2.65,0.2,0.2,0.0
2026-04-14T10:00:00+0000,6.8265,0.3,0.0,0.0,98.0,84.0,95.0,20.0,24140.0,1.0,0.0,2026-04-14T00:00:00+0000,49099.453,2.65,0.3,0.3,0.0
2026-04-14T11:00:00+0000,7.0765,0.3,0.0,0.0,98.0,83.0,94.0,15.0,24140.0,1.0,0.0,2026-04-14T00:00:00+0000,49099.453,2.65,0.3,0.3,0.0
2026-04-14T12:00:00+0000,7.3265,0.3,0.0,0.0,98.0,83.0,94.0,11.0,24140.0,1.0,0.0,2026-04-14T00:00:00+0000,49099.453,2.65,0.3,0.3,0.0
2026-04-14T13:00:00+0000,7.5765,0.2,0.0,0.0,99.0,89.0,96.0,7.0,22780.0,1.0,0.0,2026-04-14T00:00:00+0000,49099.453,2.65,0.2,0.2,0.0
2026-04-14T14:00:00+0000,7.7765,0.2,0.0,0.0,99.0,94.0,97.0,4.0,21420.0,1.0,0.0,2026-04-14T00:00:00+0000,49099.453,2.65,0.2,0.2,0.0
2026-04-14T15:00:00+0000,7.8265,0.2,0.0,0.0,100.0,100.0,99.0,0.0,20060.0,1.0,0.0,2026-04-14T00:00:00+0000,49099.453,2.65,0.2,0.2,0.0
2026-04-14T16:00:00+0000,7.7265,0.2,0.0,0.0,98.0,96.0,92.0,7.0,21420.0,1.0,0.0,2026-04-14T00:00:00+0000,49099.453,2.65,0.2,0.2,0.0
2026-04-14T17:00:00+0000,7.4765,0.2,0.0,0.0,95.0,91.0,85.0,13.0,22780.0,1.0,0.0,2026-04-14T00:00:00+0000,49099.453,2.65,0.2,0.2,0.0
2026-04-14T18:00:00+0000,7.2265,0.2,0.0,0.0,93.0,87.0,78.0,20.0,24140.0,1.0,0.0,2026-04-14T00:00:00+0000,49099.453,2.65,0.2,0.2,0.0
2026-04-14T19:00:00+0000,7.0265,0.2,0.0,0.0,95.0,91.0,77.0,13.0,24140.0,0.0,0.0,2026-04-14T00:00:00+0000,49099.453,2.65,0.2,0.2,0.0
2026-04-14T20:00:00+0000,6.8265,0.2,0.0,0.0,98.0,96.0,76.0,7.0,24140.0,0.0,0.0,2026-04-14T00:00:00+0000,49099.453,2.65,0.2,0.2,0.0
2026-04-14T21:00:00+0000,6.6765003,0.2,0.0,0.0,100.0,100.0,75.0,0.0,24140.0,0.0,0.0,2026-04-14T00:00:00+0000,49099.453,2.65,0.2,0.2,0.0
2026-04-14T22:00:00+0000,6.6265,0.1,0.0,0.0,100.0,100.0,74.0,6.0,24140.0,0.0,0.0,2026-04-14T00:00:00+0000,49099.453,2.65,0.1,0.1,0.0
2026-04-14T23:00:00+0000,6.5765,0.1,0.0,0.0,100.0,100.0,73.0,13.0,24140.0,0.0,0.0,2026-04-14T00:00:00+0000,49099.453,2.65,0.1,0.1,0.0
2026-04-15T00:00:00+0000,6.5765,0.1,0.0,0.0,100.0,100.0,72.0,19.0,24140.0,0.0,0.0,2026-04-15T00:00:00+0000,49305.406,2.1,0.1,0.1,0.0
2026-04-15T01:00:00+0000,6.5265,0.1,0.0,0.0,100.0,100.0,71.0,18.0,24140.0,0.0,0.0,2026-04-15T00:00:00+0000,49305.406,2.1,0.1,0.1,0.0
2026-04-15T02:00:00+0000,6.4765,0.1,0.0,0.0,100.0,100.0,69.0,18.0,24140.0,0.0,0.0,2026-04-15T00:00:00+0000,49305.406,2.1,0.1,0.1,0.0
2026-04-15T03:00:00+0000,6.4265003,0.1,0.0,0.0,100.0,100.0,68.0,17.0,24140.0,0.0,0.0,2026-04-15T00:00:00+0000,49305.406,2.1,0.1,0.1,0.0
2026-04-15T04:00:00+0000,6.3265,0.1,0.0,0.0,100.0,100.0,70.0,11.0,24140.0,0.0,0.0,2026-04-15T00:00:00+0000,49305.406,2.1,0.1,0.1,0.0
2026-04-15T05:00:00+0000,6.2765,0.1,0.0,0.0,100.0,100.0,72.0,6.0,24140.0,1.0,0.0,2026-04-15T00:00:00+0000,49305.406,2.1,0.1,0.1,0.0
2026-04-15T06:00:00+0000,6.3265,0.1,0.0,0.0,100.0,100.0,74.0,0.0,24140.0,1.0,0.0,2026-04-15T00:00:00+0000,49305.406,2.1,0.1,0.1,0.0
2026-04-15T07:00:00+0000,6.5265,0.0,0.0,0.0,100.0,100.0,66.0,0.0,24140.0,1.0,0.0,2026-04-15T00:00:00+0000,49305.406,2.1,0.0,0.0,0.0
2026-04-15T08:00:00+0000,6.8765,0.0,0.0,0.0,100.0,100.0,57.0,0.0,24140.0,1.0,0.0,2026-04-15T00:00:00+0000,49305.406,2.1,0.0,0.0,0.0
2026-04-15T09:00:00+0000,7.3765,0.0,0.0,0.0,100.0,100.0,49.0,0.0,24140.0,1.0,0.0,2026-04-15T00:00:00+0000,49305.406,2.1,0.0,0.0,0.0
2026-04-15T10:00:00+0000,8.2765,0.0,0.0,0.0,98.0,97.0,54.0,0.0,24140.0,1.0,0.0,2026-04-15T00:00:00+0000,49305.406,2.1,0.0,0.0,0.0
2026-04-15T11:00:00+0000,9.3265,0.0,0.0,0.0,97.0,94.0,58.0,0.0,24140.0,1.0,0.0,2026-04-15T00:00:00+0000,49305.406,2.1,0.0,0.0,0.0
2026-04-15T12:00:00+0000,10.1765,0.0,0.0,0.0,95.0,91.0,63.0,0.0,24140.0,1.0,0.0,2026-04-15T00:00:00+0000,49305.406,2.1,0.0,0.0,0.0
2026-04-15T13:00:00+0000,10.5765,0.0,0.0,0.0,96.0,92.0,44.0,0.0,24140.0,1.0,0.008125305,2026-04-15T00:00:00+0000,49305.406,2.1,0.0,0.0,2.257029e-06
2026-04-15T14:00:00+0000,10.7265005,0.0,0.0,0.0,97.0,94.0,26.0,0.0,24140.0,1.0,0.0,2026-04-15T00:00:00+0000,49305.406,2.1,0.0,0.0,0.0
2026-04-15T15:00:00+0000,10.7765,0.0,0.0,0.0,98.0,95.0,7.0,0.0,24140.0,1.0,0.0,2026-04-15T00:00:00+0000,49305.406,2.1,0.0,0.0,0.0
2026-04-15T16:00:00+0000,10.6765,0.0,0.0,0.0,98.0,96.0,5.0,0.0,24140.0,1.0,0.0,2026-04-15T00:00:00+0000,49305.406,2.1,0.0,0.0,0.0
2026-04-15T17:00:00+0000,10.4265,0.0,0.0,0.0,97.0,96.0,2.0,0.0,24140.0,1.0,0.0,2026-04-15T00:00:00+0000,49305.406,2.1,0.0,0.0,0.0
2026-04-15T18:00:00+0000,10.1265,0.0,0.0,0.0,97.0,97.0,0.0,0.0,24140.0,1.0,0.0,2026-04-15T00:00:00+0000,49305.406,2.1,0.0,0.0,0.0
2026-04-15T19:00:00+0000,9.6765,0.0,0.0,0.0,96.0,96.0,0.0,0.0,24140.0,0.0,0.0,2026-04-15T00:00:00+0000,49305.406,2.1,0.0,0.0,0.0
2026-04-15T20:00:00+0000,9.1265,0.0,0.0,0.0,96.0,96.0,0.0,0.0,24140.0,0.0,0.0,2026-04-15T00:00:00+0000,49305.406,2.1,0.0,0.0,0.0
2026-04-15T21:00:00+0000,8.6765,0.0,0.0,0.0,95.0,95.0,0.0,0.0,24140.0,0.0,0.0,2026-04-15T00:00:00+0000,49305.406,2.1,0.0,0.0,0.0
2026-04-15T22:00:00+0000,8.4265,0.0,0.0,0.0,96.0,95.0,4.0,0.0,24140.0,0.0,0.0,2026-04-15T00:00:00+0000,49305.406,2.1,0.0,0.0,0.0
2026-04-15T23:00:00+0000,8.2265005,0.0,0.0,0.0,96.0,94.0,7.0,0.0,24140.0,0.0,0.0,2026-04-15T00:00:00+0000,49305.406,2.1,0.0,0.0,0.0
